{
  "model_name": "Logistic Regression (pruned)",
  "feature_set": "pruned",
  "features": [
    "gold_diff_15",
    "cs_diff_15",
    "first_dragon",
    "first_tower",
    "first_herald"
  ],
  "metrics": {
    "accuracy": 0.7425,
    "precision": 0.7429643527204502,
    "recall": 0.7666989351403679,
    "f1": 0.7546450690805145,
    "roc_auc": 0.8248032106964485,
    "avg_precision": 0.8296094611023416,
    "brier": 0.17068191444650518,
    "log_loss": 0.5125198719654264
  }
}