{
  "model_name": "Linear Regression (prob regressor) (pruned)",
  "feature_set": "pruned",
  "features": [
    "gold_diff_15",
    "cs_diff_15",
    "first_dragon",
    "first_tower",
    "first_herald"
  ],
  "metrics": {
    "roc_auc": 0.8239662992999376,
    "avg_precision": 0.8258349401223879,
    "brier": 0.1723102416041447,
    "log_loss": 0.5807003026768105,
    "accuracy": 0.743,
    "precision": 0.742296918767507,
    "recall": 0.7696030977734754,
    "f1": 0.7557034220532319
  }
}